{
  "model_type": "gradient_boosting",
  "feature_columns": [
    "grade",
    "altitude"
  ],
  "metrics": {
    "mae": 0.5267271022917474,
    "rmse": 0.8391771779854318,
    "r2": 0.13960611647618504
  },
  "feature_importance": {
    "grade": 0.5525830600155845,
    "altitude": 0.4474169399844154
  }
}